iter	Logloss
0	0.4485747517
1	0.4124758619
2	0.4046529152
3	0.3988679377
4	0.3932183703
5	0.3758016716
6	0.3700637189
7	0.3550173465
8	0.3484447487
9	0.3403904811
10	0.3333793125
11	0.3299633376
12	0.3294470298
13	0.3279989464
14	0.3227473109
15	0.3197140813
16	0.3165425105
17	0.3127589013
18	0.3118933999
19	0.3104824926
